year,country,player_name,position,secondary_positions,captain,source_url
1999,Argentina,Agustín Canalda,HK,,false,https://en.wikipedia.org/wiki/1999_Rugby_World_Cup_squads
1999,Argentina,Agustín Pichot,SH,,false,https://en.wikipedia.org/wiki/1999_Rugby_World_Cup_squads
1999,Argentina,Alejandro Allub,LK4,,false,https://en.wikipedia.org/wiki/1999_Rugby_World_Cup_squads
1999,Argentina,Diego Albanese,TBC,,false,https://en.wikipedia.org/wiki/1999_Rugby_World_Cup_squads
1999,Argentina,Eduardo Simone,TBC,,false,https://en.wikipedia.org/wiki/1999_Rugby_World_Cup_squads
1999,Argentina,Felipe Contepomi,TBC,,false,https://en.wikipedia.org/wiki/1999_Rugby_World_Cup_squads
1999,Argentina,Fernando Díaz Alberdi,TBC,,false,https://en.wikipedia.org/wiki/1999_Rugby_World_Cup_squads
1999,Argentina,Gonzalo Camardón,TBC,,false,https://en.wikipedia.org/wiki/1999_Rugby_World_Cup_squads
1999,Argentina,Gonzalo Longo,N8,,false,https://en.wikipedia.org/wiki/1999_Rugby_World_Cup_squads
1999,Argentina,Gonzalo Quesada,FH,,false,https://en.wikipedia.org/wiki/1999_Rugby_World_Cup_squads
1999,Argentina,Ignacio Corleto,FB,,false,https://en.wikipedia.org/wiki/1999_Rugby_World_Cup_squads
1999,Argentina,Ignacio Fernández Lobbe,LK4,,false,https://en.wikipedia.org/wiki/1999_Rugby_World_Cup_squads
1999,Argentina,José Cilley,FH,,false,https://en.wikipedia.org/wiki/1999_Rugby_World_Cup_squads
1999,Argentina,José Orengo,TBC,,false,https://en.wikipedia.org/wiki/1999_Rugby_World_Cup_squads
1999,Argentina,Juan Fernández Miranda,TBC,,false,https://en.wikipedia.org/wiki/1999_Rugby_World_Cup_squads
1999,Argentina,Lisandro Arbizu,TBC,,true,https://en.wikipedia.org/wiki/1999_Rugby_World_Cup_squads
1999,Argentina,Lucas Ostiglia,TBC,,false,https://en.wikipedia.org/wiki/1999_Rugby_World_Cup_squads
1999,Argentina,Manuel Contepomi,FB,,false,https://en.wikipedia.org/wiki/1999_Rugby_World_Cup_squads
1999,Argentina,Mario Ledesma,HK,,false,https://en.wikipedia.org/wiki/1999_Rugby_World_Cup_squads
1999,Argentina,Martín Scelzo,TBC,,false,https://en.wikipedia.org/wiki/1999_Rugby_World_Cup_squads
1999,Argentina,Mauricio Reggiardo,TBC,,false,https://en.wikipedia.org/wiki/1999_Rugby_World_Cup_squads
1999,Argentina,Miguel Ruiz,LK4,,false,https://en.wikipedia.org/wiki/1999_Rugby_World_Cup_squads
1999,Argentina,Nicolás Fernández Miranda,SH,,false,https://en.wikipedia.org/wiki/1999_Rugby_World_Cup_squads
1999,Argentina,Octavio Bartolucci,TBC,,false,https://en.wikipedia.org/wiki/1999_Rugby_World_Cup_squads
1999,Argentina,Omar Hasan,TBC,,false,https://en.wikipedia.org/wiki/1999_Rugby_World_Cup_squads
1999,Argentina,Pedro Sporleder,LK4,,false,https://en.wikipedia.org/wiki/1999_Rugby_World_Cup_squads
1999,Argentina,Raúl Pérez,TBC,,false,https://en.wikipedia.org/wiki/1999_Rugby_World_Cup_squads
1999,Argentina,Roberto Diego Grau,TBC,,false,https://en.wikipedia.org/wiki/1999_Rugby_World_Cup_squads
1999,Argentina,Rolando Martín,TBC,,false,https://en.wikipedia.org/wiki/1999_Rugby_World_Cup_squads
1999,Argentina,Santiago Phelan,TBC,,false,https://en.wikipedia.org/wiki/1999_Rugby_World_Cup_squads
1999,Australia,Andrew Blades,TBC,,false,https://en.wikipedia.org/wiki/1999_Rugby_World_Cup_squads
1999,Australia,Ben Tune,TBC,,false,https://en.wikipedia.org/wiki/1999_Rugby_World_Cup_squads
1999,Australia,Brett Robinson,TBC,,false,https://en.wikipedia.org/wiki/1999_Rugby_World_Cup_squads
1999,Australia,Chris Latham,FB,,false,https://en.wikipedia.org/wiki/1999_Rugby_World_Cup_squads
1999,Australia,Chris Whitaker,SH,,false,https://en.wikipedia.org/wiki/1999_Rugby_World_Cup_squads
1999,Australia,Dan Crowley,TBC,,false,https://en.wikipedia.org/wiki/1999_Rugby_World_Cup_squads
1999,Australia,Daniel Herbert,TBC,,false,https://en.wikipedia.org/wiki/1999_Rugby_World_Cup_squads
1999,Australia,David Giffin,LK4,,false,https://en.wikipedia.org/wiki/1999_Rugby_World_Cup_squads
1999,Australia,David Wilson,TBC,,false,https://en.wikipedia.org/wiki/1999_Rugby_World_Cup_squads
1999,Australia,George Gregan,SH,,false,https://en.wikipedia.org/wiki/1999_Rugby_World_Cup_squads
1999,Australia,Jason Little,TBC,,false,https://en.wikipedia.org/wiki/1999_Rugby_World_Cup_squads
1999,Australia,Jeremy Paul,HK,,false,https://en.wikipedia.org/wiki/1999_Rugby_World_Cup_squads
1999,Australia,Jim Williams,TBC,,false,https://en.wikipedia.org/wiki/1999_Rugby_World_Cup_squads
1999,Australia,Joe Roff,TBC,,false,https://en.wikipedia.org/wiki/1999_Rugby_World_Cup_squads
1999,Australia,John Eales,LK4,,true,https://en.wikipedia.org/wiki/1999_Rugby_World_Cup_squads
1999,Australia,Mark Connors,TBC,,false,https://en.wikipedia.org/wiki/1999_Rugby_World_Cup_squads
1999,Australia,Matt Burke,FB,,false,https://en.wikipedia.org/wiki/1999_Rugby_World_Cup_squads
1999,Australia,Matt Cockbain,TBC,,false,https://en.wikipedia.org/wiki/1999_Rugby_World_Cup_squads
1999,Australia,Michael Foley,HK,,false,https://en.wikipedia.org/wiki/1999_Rugby_World_Cup_squads
1999,Australia,Nathan Grey,TBC,,false,https://en.wikipedia.org/wiki/1999_Rugby_World_Cup_squads
1999,Australia,Owen Finegan,LK4,,false,https://en.wikipedia.org/wiki/1999_Rugby_World_Cup_squads
1999,Australia,Phil Kearns,HK,,false,https://en.wikipedia.org/wiki/1999_Rugby_World_Cup_squads
1999,Australia,Richard Harry,TBC,,false,https://en.wikipedia.org/wiki/1999_Rugby_World_Cup_squads
1999,Australia,Rod Kafer,FH,,false,https://en.wikipedia.org/wiki/1999_Rugby_World_Cup_squads
1999,Australia,Rod Moore,TBC,,false,https://en.wikipedia.org/wiki/1999_Rugby_World_Cup_squads
1999,Australia,Scott Staniforth,TBC,,false,https://en.wikipedia.org/wiki/1999_Rugby_World_Cup_squads
1999,Australia,Stephen Larkham,FH,,false,https://en.wikipedia.org/wiki/1999_Rugby_World_Cup_squads
1999,Australia,Tiaan Strauss,N8,,false,https://en.wikipedia.org/wiki/1999_Rugby_World_Cup_squads
1999,Australia,Tim Horan,TBC,,false,https://en.wikipedia.org/wiki/1999_Rugby_World_Cup_squads
1999,Australia,Toutai Kefu,N8,,false,https://en.wikipedia.org/wiki/1999_Rugby_World_Cup_squads
1999,Canada,Al Charron,LK4,,false,https://en.wikipedia.org/wiki/1999_Rugby_World_Cup_squads
1999,Canada,Bobby Ross,FH,,false,https://en.wikipedia.org/wiki/1999_Rugby_World_Cup_squads
1999,Canada,Brian McCarthy,LK4,,false,https://en.wikipedia.org/wiki/1999_Rugby_World_Cup_squads
1999,Canada,Chris Whittaker,LK4,,false,https://en.wikipedia.org/wiki/1999_Rugby_World_Cup_squads
1999,Canada,Courtney Smith,TBC,,false,https://en.wikipedia.org/wiki/1999_Rugby_World_Cup_squads
1999,Canada,Dan Baugh,TBC,,false,https://en.wikipedia.org/wiki/1999_Rugby_World_Cup_squads
1999,Canada,David Lougheed,TBC,,false,https://en.wikipedia.org/wiki/1999_Rugby_World_Cup_squads
1999,Canada,David Penney,TBC,,false,https://en.wikipedia.org/wiki/1999_Rugby_World_Cup_squads
1999,Canada,Duane Major,TBC,,false,https://en.wikipedia.org/wiki/1999_Rugby_World_Cup_squads
1999,Canada,Gareth Rees,FB,,true,https://en.wikipedia.org/wiki/1999_Rugby_World_Cup_squads
1999,Canada,Jeremy Cordle,TBC,,false,https://en.wikipedia.org/wiki/1999_Rugby_World_Cup_squads
1999,Canada,Joe Pagano,TBC,,false,https://en.wikipedia.org/wiki/1999_Rugby_World_Cup_squads
1999,Canada,John Graf,SH,,false,https://en.wikipedia.org/wiki/1999_Rugby_World_Cup_squads
1999,Canada,John Hutchinson,TBC,,false,https://en.wikipedia.org/wiki/1999_Rugby_World_Cup_squads
1999,Canada,John Tait,LK4,,false,https://en.wikipedia.org/wiki/1999_Rugby_World_Cup_squads
1999,Canada,Jon Thiel,TBC,,false,https://en.wikipedia.org/wiki/1999_Rugby_World_Cup_squads
1999,Canada,Julian Loveday,TBC,,false,https://en.wikipedia.org/wiki/1999_Rugby_World_Cup_squads
1999,Canada,Kyle Nichols,TBC,,false,https://en.wikipedia.org/wiki/1999_Rugby_World_Cup_squads
1999,Canada,Mark Cardinal,HK,,false,https://en.wikipedia.org/wiki/1999_Rugby_World_Cup_squads
1999,Canada,Mike James,LK4,,false,https://en.wikipedia.org/wiki/1999_Rugby_World_Cup_squads
1999,Canada,Mike Schmid,N8,,false,https://en.wikipedia.org/wiki/1999_Rugby_World_Cup_squads
1999,Canada,Morgan Williams,SH,,false,https://en.wikipedia.org/wiki/1999_Rugby_World_Cup_squads
1999,Canada,Pat Dunkley,HK,,false,https://en.wikipedia.org/wiki/1999_Rugby_World_Cup_squads
1999,Canada,Richard Bice,TBC,,false,https://en.wikipedia.org/wiki/1999_Rugby_World_Cup_squads
1999,Canada,Rob Robson,TBC,,false,https://en.wikipedia.org/wiki/1999_Rugby_World_Cup_squads
1999,Canada,Rod Snow,TBC,,false,https://en.wikipedia.org/wiki/1999_Rugby_World_Cup_squads
1999,Canada,Ryan Banks,TBC,,false,https://en.wikipedia.org/wiki/1999_Rugby_World_Cup_squads
1999,Canada,Scott Bryan,TBC,,false,https://en.wikipedia.org/wiki/1999_Rugby_World_Cup_squads
1999,Canada,Scott Stewart,FB,,false,https://en.wikipedia.org/wiki/1999_Rugby_World_Cup_squads
1999,Canada,Winston Stanley,TBC,,false,https://en.wikipedia.org/wiki/1999_Rugby_World_Cup_squads
1999,England,Austin Healey,TBC,,false,https://en.wikipedia.org/wiki/1999_Rugby_World_Cup_squads
1999,England,Dan Luger,TBC,,false,https://en.wikipedia.org/wiki/1999_Rugby_World_Cup_squads
1999,England,Danny Grewcock,LK4,,false,https://en.wikipedia.org/wiki/1999_Rugby_World_Cup_squads
1999,England,Darren Garforth,TBC,,false,https://en.wikipedia.org/wiki/1999_Rugby_World_Cup_squads
1999,England,David Rees,TBC,,false,https://en.wikipedia.org/wiki/1999_Rugby_World_Cup_squads
1999,England,Garath Archer,LK4,,false,https://en.wikipedia.org/wiki/1999_Rugby_World_Cup_squads
1999,England,Graham Rowntree,TBC,,false,https://en.wikipedia.org/wiki/1999_Rugby_World_Cup_squads
1999,England,Jason Leonard,TBC,,false,https://en.wikipedia.org/wiki/1999_Rugby_World_Cup_squads
1999,England,Jeremy Guscott,TBC,,false,https://en.wikipedia.org/wiki/1999_Rugby_World_Cup_squads
1999,England,Joe Worsley,N8,,false,https://en.wikipedia.org/wiki/1999_Rugby_World_Cup_squads
1999,England,Jonny Wilkinson,FH,,false,https://en.wikipedia.org/wiki/1999_Rugby_World_Cup_squads
1999,England,Kyran Bracken,SH,,false,https://en.wikipedia.org/wiki/1999_Rugby_World_Cup_squads
1999,England,Lawrence Dallaglio,N8,,false,https://en.wikipedia.org/wiki/1999_Rugby_World_Cup_squads
1999,England,Leon Lloyd,TBC,,false,https://en.wikipedia.org/wiki/1999_Rugby_World_Cup_squads
1999,England,Martin Corry,N8,,false,https://en.wikipedia.org/wiki/1999_Rugby_World_Cup_squads
1999,England,Martin Johnson,LK4,,true,https://en.wikipedia.org/wiki/1999_Rugby_World_Cup_squads
1999,England,Martyn Wood,SH,,false,https://en.wikipedia.org/wiki/1999_Rugby_World_Cup_squads
1999,England,Matt Dawson,SH,,false,https://en.wikipedia.org/wiki/1999_Rugby_World_Cup_squads
1999,England,Matt Perry,FB,,false,https://en.wikipedia.org/wiki/1999_Rugby_World_Cup_squads
1999,England,Mike Catt,FB,,false,https://en.wikipedia.org/wiki/1999_Rugby_World_Cup_squads
1999,England,Neil Back,TBC,,false,https://en.wikipedia.org/wiki/1999_Rugby_World_Cup_squads
1999,England,Neil McCarthy,HK,,false,https://en.wikipedia.org/wiki/1999_Rugby_World_Cup_squads
1999,England,Nick Beal,FB,,false,https://en.wikipedia.org/wiki/1999_Rugby_World_Cup_squads
1999,England,Paul Grayson,FH,,false,https://en.wikipedia.org/wiki/1999_Rugby_World_Cup_squads
1999,England,Phil Greening,HK,,false,https://en.wikipedia.org/wiki/1999_Rugby_World_Cup_squads
1999,England,Phil Vickery,TBC,,false,https://en.wikipedia.org/wiki/1999_Rugby_World_Cup_squads
1999,England,Phil de Glanville,TBC,,false,https://en.wikipedia.org/wiki/1999_Rugby_World_Cup_squads
1999,England,Richard Cockerill,HK,,false,https://en.wikipedia.org/wiki/1999_Rugby_World_Cup_squads
1999,England,Richard Hill,TBC,,false,https://en.wikipedia.org/wiki/1999_Rugby_World_Cup_squads
1999,England,Tim Rodber,TBC,,false,https://en.wikipedia.org/wiki/1999_Rugby_World_Cup_squads
1999,England,Victor Ubogu,TBC,,false,https://en.wikipedia.org/wiki/1999_Rugby_World_Cup_squads
1999,England,Will Greenwood,TBC,,false,https://en.wikipedia.org/wiki/1999_Rugby_World_Cup_squads
1999,Fiji,Alfie Mocelutu,TBC,,false,https://en.wikipedia.org/wiki/1999_Rugby_World_Cup_squads
1999,Fiji,Alfred Uluinayau,FB,,false,https://en.wikipedia.org/wiki/1999_Rugby_World_Cup_squads
1999,Fiji,Alifereti Doviverata,N8,,false,https://en.wikipedia.org/wiki/1999_Rugby_World_Cup_squads
1999,Fiji,Apenisa Naevo,LK4,,false,https://en.wikipedia.org/wiki/1999_Rugby_World_Cup_squads
1999,Fiji,Daniel Rouse,TBC,,false,https://en.wikipedia.org/wiki/1999_Rugby_World_Cup_squads
1999,Fiji,Emori Katalau,LK4,,false,https://en.wikipedia.org/wiki/1999_Rugby_World_Cup_squads
1999,Fiji,Epeli Naituivau,TBC,,false,https://en.wikipedia.org/wiki/1999_Rugby_World_Cup_squads
1999,Fiji,Fero Lasagavibau,TBC,,false,https://en.wikipedia.org/wiki/1999_Rugby_World_Cup_squads
1999,Fiji,Greg Smith,HK,,true,https://en.wikipedia.org/wiki/1999_Rugby_World_Cup_squads
1999,Fiji,Ifereimi Tawake,LK4,,false,https://en.wikipedia.org/wiki/1999_Rugby_World_Cup_squads
1999,Fiji,Ilivasi Tabua,TBC,,false,https://en.wikipedia.org/wiki/1999_Rugby_World_Cup_squads
1999,Fiji,Imanueli Tiko,TBC,,false,https://en.wikipedia.org/wiki/1999_Rugby_World_Cup_squads
1999,Fiji,Inoke Male,N8,,false,https://en.wikipedia.org/wiki/1999_Rugby_World_Cup_squads
1999,Fiji,Isaia Rasila,HK,,false,https://en.wikipedia.org/wiki/1999_Rugby_World_Cup_squads
1999,Fiji,Jacob Rauluni,SH,,false,https://en.wikipedia.org/wiki/1999_Rugby_World_Cup_squads
1999,Fiji,Joeli Veitayaki,TBC,,false,https://en.wikipedia.org/wiki/1999_Rugby_World_Cup_squads
1999,Fiji,Koli Sewabu,TBC,,false,https://en.wikipedia.org/wiki/1999_Rugby_World_Cup_squads
1999,Fiji,Lawrence Little,TBC,,false,https://en.wikipedia.org/wiki/1999_Rugby_World_Cup_squads
1999,Fiji,Manasa Bari,TBC,,false,https://en.wikipedia.org/wiki/1999_Rugby_World_Cup_squads
1999,Fiji,Marika Vunibaka,TBC,,false,https://en.wikipedia.org/wiki/1999_Rugby_World_Cup_squads
1999,Fiji,Meli Nakauta,TBC,,false,https://en.wikipedia.org/wiki/1999_Rugby_World_Cup_squads
1999,Fiji,Mosese Rauluni,SH,,false,https://en.wikipedia.org/wiki/1999_Rugby_World_Cup_squads
1999,Fiji,Nicky Little,FH,,false,https://en.wikipedia.org/wiki/1999_Rugby_World_Cup_squads
1999,Fiji,Niko Qoro,TBC,,false,https://en.wikipedia.org/wiki/1999_Rugby_World_Cup_squads
1999,Fiji,Setareki Tawake,TBC,,false,https://en.wikipedia.org/wiki/1999_Rugby_World_Cup_squads
1999,Fiji,Simon Raiwalui,LK4,,false,https://en.wikipedia.org/wiki/1999_Rugby_World_Cup_squads
1999,Fiji,Tabai Matson,TBC,,false,https://en.wikipedia.org/wiki/1999_Rugby_World_Cup_squads
1999,Fiji,Viliame Satala,TBC,,false,https://en.wikipedia.org/wiki/1999_Rugby_World_Cup_squads
1999,Fiji,Waisake Sotutu,TBC,,false,https://en.wikipedia.org/wiki/1999_Rugby_World_Cup_squads
1999,Fiji,Waisale Serevi,FH,,false,https://en.wikipedia.org/wiki/1999_Rugby_World_Cup_squads
1999,France,Abdelatif Benazzi,LK4,,false,https://en.wikipedia.org/wiki/1999_Rugby_World_Cup_squads
1999,France,Arnaud Costes,TBC,,false,https://en.wikipedia.org/wiki/1999_Rugby_World_Cup_squads
1999,France,Christian Califano,TBC,,false,https://en.wikipedia.org/wiki/1999_Rugby_World_Cup_squads
1999,France,Christophe Dominici,TBC,,false,https://en.wikipedia.org/wiki/1999_Rugby_World_Cup_squads
1999,France,Christophe Juillet,N8,,false,https://en.wikipedia.org/wiki/1999_Rugby_World_Cup_squads
1999,France,Christophe Lamaison,FH,,false,https://en.wikipedia.org/wiki/1999_Rugby_World_Cup_squads
1999,France,Cédric Desbrosse,TBC,,false,https://en.wikipedia.org/wiki/1999_Rugby_World_Cup_squads
1999,France,Cédric Soulette,TBC,,false,https://en.wikipedia.org/wiki/1999_Rugby_World_Cup_squads
1999,France,David Auradou,LK4,,false,https://en.wikipedia.org/wiki/1999_Rugby_World_Cup_squads
1999,France,Fabien Galthié,SH,,false,https://en.wikipedia.org/wiki/1999_Rugby_World_Cup_squads
1999,France,Fabien Pelous,LK4,,false,https://en.wikipedia.org/wiki/1999_Rugby_World_Cup_squads
1999,France,Franck Tournaire,TBC,,false,https://en.wikipedia.org/wiki/1999_Rugby_World_Cup_squads
1999,France,Jimmy Marlu,TBC,,false,https://en.wikipedia.org/wiki/1999_Rugby_World_Cup_squads
1999,France,Lionel Mallier,TBC,,false,https://en.wikipedia.org/wiki/1999_Rugby_World_Cup_squads
1999,France,Marc Dal Maso,HK,,false,https://en.wikipedia.org/wiki/1999_Rugby_World_Cup_squads
1999,France,Marc Lièvremont,TBC,,false,https://en.wikipedia.org/wiki/1999_Rugby_World_Cup_squads
1999,France,Olivier Brouzet,LK4,,false,https://en.wikipedia.org/wiki/1999_Rugby_World_Cup_squads
1999,France,Olivier Magne,TBC,,false,https://en.wikipedia.org/wiki/1999_Rugby_World_Cup_squads
1999,France,Olivier Sarramea,FB,,false,https://en.wikipedia.org/wiki/1999_Rugby_World_Cup_squads
1999,France,Philippe Bernat-Salles,TBC,,false,https://en.wikipedia.org/wiki/1999_Rugby_World_Cup_squads
1999,France,Pieter de Villiers,TBC,,false,https://en.wikipedia.org/wiki/1999_Rugby_World_Cup_squads
1999,France,Raphaël Ibañez,HK,,true,https://en.wikipedia.org/wiki/1999_Rugby_World_Cup_squads
1999,France,Richard Dourthe,TBC,,false,https://en.wikipedia.org/wiki/1999_Rugby_World_Cup_squads
1999,France,Stéphane Castaignède,SH,,false,https://en.wikipedia.org/wiki/1999_Rugby_World_Cup_squads
1999,France,Stéphane Glas,TBC,,false,https://en.wikipedia.org/wiki/1999_Rugby_World_Cup_squads
1999,France,Thomas Castaignède,FH,,false,https://en.wikipedia.org/wiki/1999_Rugby_World_Cup_squads
1999,France,Thomas Lièvremont,N8,,false,https://en.wikipedia.org/wiki/1999_Rugby_World_Cup_squads
1999,France,Ugo Mola,FB,,false,https://en.wikipedia.org/wiki/1999_Rugby_World_Cup_squads
1999,France,Émile Ntamack,TBC,,false,https://en.wikipedia.org/wiki/1999_Rugby_World_Cup_squads
1999,Ireland,Andy Ward,TBC,,false,https://en.wikipedia.org/wiki/1999_Rugby_World_Cup_squads
1999,Ireland,Angus McKeen,TBC,,false,https://en.wikipedia.org/wiki/1999_Rugby_World_Cup_squads
1999,Ireland,Bob Casey,LK4,,false,https://en.wikipedia.org/wiki/1999_Rugby_World_Cup_squads
1999,Ireland,Brian O'Driscoll,TBC,,false,https://en.wikipedia.org/wiki/1999_Rugby_World_Cup_squads
1999,Ireland,Brian O'Meara,SH,,false,https://en.wikipedia.org/wiki/1999_Rugby_World_Cup_squads
1999,Ireland,Conor O'Shea,FB,,false,https://en.wikipedia.org/wiki/1999_Rugby_World_Cup_squads
1999,Ireland,David Corkery,TBC,,false,https://en.wikipedia.org/wiki/1999_Rugby_World_Cup_squads
1999,Ireland,David Humphreys,FH,,false,https://en.wikipedia.org/wiki/1999_Rugby_World_Cup_squads
1999,Ireland,Dion O'Cuinneagain,N8,,true,https://en.wikipedia.org/wiki/1999_Rugby_World_Cup_squads
1999,Ireland,Eric Elwood,FH,,false,https://en.wikipedia.org/wiki/1999_Rugby_World_Cup_squads
1999,Ireland,Eric Miller,TBC,,false,https://en.wikipedia.org/wiki/1999_Rugby_World_Cup_squads
1999,Ireland,Gordon D'Arcy,TBC,,false,https://en.wikipedia.org/wiki/1999_Rugby_World_Cup_squads
1999,Ireland,James Topping,TBC,,false,https://en.wikipedia.org/wiki/1999_Rugby_World_Cup_squads
1999,Ireland,Jeremy Davidson,LK4,,false,https://en.wikipedia.org/wiki/1999_Rugby_World_Cup_squads
1999,Ireland,Jonny Bell,TBC,,false,https://en.wikipedia.org/wiki/1999_Rugby_World_Cup_squads
1999,Ireland,Justin Bishop,TBC,,false,https://en.wikipedia.org/wiki/1999_Rugby_World_Cup_squads
1999,Ireland,Justin Fitzpatrick,TBC,,false,https://en.wikipedia.org/wiki/1999_Rugby_World_Cup_squads
1999,Ireland,Keith Wood,HK,,false,https://en.wikipedia.org/wiki/1999_Rugby_World_Cup_squads
1999,Ireland,Kevin Maggs,TBC,,false,https://en.wikipedia.org/wiki/1999_Rugby_World_Cup_squads
1999,Ireland,Kieron Dawson,TBC,,false,https://en.wikipedia.org/wiki/1999_Rugby_World_Cup_squads
1999,Ireland,Malcolm O'Kelly,LK4,,false,https://en.wikipedia.org/wiki/1999_Rugby_World_Cup_squads
1999,Ireland,Matt Mostyn,TBC,,false,https://en.wikipedia.org/wiki/1999_Rugby_World_Cup_squads
1999,Ireland,Mike Mullins,TBC,,false,https://en.wikipedia.org/wiki/1999_Rugby_World_Cup_squads
1999,Ireland,Paddy Johns,LK4,,false,https://en.wikipedia.org/wiki/1999_Rugby_World_Cup_squads
1999,Ireland,Paul Wallace,TBC,,false,https://en.wikipedia.org/wiki/1999_Rugby_World_Cup_squads
1999,Ireland,Peter Clohessy,TBC,,false,https://en.wikipedia.org/wiki/1999_Rugby_World_Cup_squads
1999,Ireland,Reggie Corrigan,TBC,,false,https://en.wikipedia.org/wiki/1999_Rugby_World_Cup_squads
1999,Ireland,Ross Nesdale,HK,,false,https://en.wikipedia.org/wiki/1999_Rugby_World_Cup_squads
1999,Ireland,Tom Tierney,SH,,false,https://en.wikipedia.org/wiki/1999_Rugby_World_Cup_squads
1999,Ireland,Trevor Brennan,TBC,,false,https://en.wikipedia.org/wiki/1999_Rugby_World_Cup_squads
1999,Italy,Alessandro Moscardi,HK,,false,https://en.wikipedia.org/wiki/1999_Rugby_World_Cup_squads
1999,Italy,Alessandro Troncon,SH,,false,https://en.wikipedia.org/wiki/1999_Rugby_World_Cup_squads
1999,Italy,Alex Moreno,TBC,,false,https://en.wikipedia.org/wiki/1999_Rugby_World_Cup_squads
1999,Italy,Andrea Castellani,TBC,,false,https://en.wikipedia.org/wiki/1999_Rugby_World_Cup_squads
1999,Italy,Andrea De Rossi,N8,,false,https://en.wikipedia.org/wiki/1999_Rugby_World_Cup_squads
1999,Italy,Andrea Lo Cicero,TBC,,false,https://en.wikipedia.org/wiki/1999_Rugby_World_Cup_squads
1999,Italy,Andrea Moretti,HK,,false,https://en.wikipedia.org/wiki/1999_Rugby_World_Cup_squads
1999,Italy,Carlo Caione,TBC,,false,https://en.wikipedia.org/wiki/1999_Rugby_World_Cup_squads
1999,Italy,Carlo Checchinato,LK4,,false,https://en.wikipedia.org/wiki/1999_Rugby_World_Cup_squads
1999,Italy,Cristian Stoica,TBC,,false,https://en.wikipedia.org/wiki/1999_Rugby_World_Cup_squads
1999,Italy,Diego Domínguez,FH,,false,https://en.wikipedia.org/wiki/1999_Rugby_World_Cup_squads
1999,Italy,Fabio Roselli,TBC,,false,https://en.wikipedia.org/wiki/1999_Rugby_World_Cup_squads
1999,Italy,Federico Pucciariello,TBC,,false,https://en.wikipedia.org/wiki/1999_Rugby_World_Cup_squads
1999,Italy,Francesco Mazzariol,FH,,false,https://en.wikipedia.org/wiki/1999_Rugby_World_Cup_squads
1999,Italy,Franco Properzi,TBC,,false,https://en.wikipedia.org/wiki/1999_Rugby_World_Cup_squads
1999,Italy,Giampiero Mazzi,SH,,false,https://en.wikipedia.org/wiki/1999_Rugby_World_Cup_squads
1999,Italy,Giampiero de Carli,TBC,,false,https://en.wikipedia.org/wiki/1999_Rugby_World_Cup_squads
1999,Italy,Laurent Travini,LK4,,false,https://en.wikipedia.org/wiki/1999_Rugby_World_Cup_squads
1999,Italy,Luca Martin,TBC,,false,https://en.wikipedia.org/wiki/1999_Rugby_World_Cup_squads
1999,Italy,Mark Giacheri,LK4,,false,https://en.wikipedia.org/wiki/1999_Rugby_World_Cup_squads
1999,Italy,Massimo Giovanelli,TBC,,true,https://en.wikipedia.org/wiki/1999_Rugby_World_Cup_squads
1999,Italy,Matt Pini,FB,,false,https://en.wikipedia.org/wiki/1999_Rugby_World_Cup_squads
1999,Italy,Mauro Bergamasco,TBC,,false,https://en.wikipedia.org/wiki/1999_Rugby_World_Cup_squads
1999,Italy,Nick Zisti,TBC,,false,https://en.wikipedia.org/wiki/1999_Rugby_World_Cup_squads
1999,Italy,Nicola Mazzucato,TBC,,false,https://en.wikipedia.org/wiki/1999_Rugby_World_Cup_squads
1999,Italy,Orazio Arancio,TBC,,false,https://en.wikipedia.org/wiki/1999_Rugby_World_Cup_squads
1999,Italy,Paolo Vaccari,TBC,,false,https://en.wikipedia.org/wiki/1999_Rugby_World_Cup_squads
1999,Italy,Sandro Ceppolino,TBC,,false,https://en.wikipedia.org/wiki/1999_Rugby_World_Cup_squads
1999,Italy,Stefano Saviozzi,HK,,false,https://en.wikipedia.org/wiki/1999_Rugby_World_Cup_squads
1999,Italy,Walter Cristofoletto,LK4,,false,https://en.wikipedia.org/wiki/1999_Rugby_World_Cup_squads
1999,Japan,Akira Yoshida,TBC,,false,https://en.wikipedia.org/wiki/1999_Rugby_World_Cup_squads
1999,Japan,Andrew McCormick,TBC,,true,https://en.wikipedia.org/wiki/1999_Rugby_World_Cup_squads
1999,Japan,Atsushi Koga,TBC,,false,https://en.wikipedia.org/wiki/1999_Rugby_World_Cup_squads
1999,Japan,Daisuke Ohata,TBC,,false,https://en.wikipedia.org/wiki/1999_Rugby_World_Cup_squads
1999,Japan,Graeme Bachop,SH,,false,https://en.wikipedia.org/wiki/1999_Rugby_World_Cup_squads
1999,Japan,Greg Smith,TBC,,false,https://en.wikipedia.org/wiki/1999_Rugby_World_Cup_squads
1999,Japan,Hajime Kiso,N8,,false,https://en.wikipedia.org/wiki/1999_Rugby_World_Cup_squads
1999,Japan,Hiroyuki Tanuma,LK4,,false,https://en.wikipedia.org/wiki/1999_Rugby_World_Cup_squads
1999,Japan,Jamie Joseph,TBC,,false,https://en.wikipedia.org/wiki/1999_Rugby_World_Cup_squads
1999,Japan,Keiji Hirose,FH,,false,https://en.wikipedia.org/wiki/1999_Rugby_World_Cup_squads
1999,Japan,Kensuke Iwabuchi,FH,,false,https://en.wikipedia.org/wiki/1999_Rugby_World_Cup_squads
1999,Japan,Kohei Oguchi,TBC,,false,https://en.wikipedia.org/wiki/1999_Rugby_World_Cup_squads
1999,Japan,Masaaki Sakata,TBC,,false,https://en.wikipedia.org/wiki/1999_Rugby_World_Cup_squads
1999,Japan,Masahiro Kunda,HK,,false,https://en.wikipedia.org/wiki/1999_Rugby_World_Cup_squads
1999,Japan,Naoto Nakamura,TBC,,false,https://en.wikipedia.org/wiki/1999_Rugby_World_Cup_squads
1999,Japan,Naoya Okubo,LK4,,false,https://en.wikipedia.org/wiki/1999_Rugby_World_Cup_squads
1999,Japan,Patiliai Tuidraki,TBC,,false,https://en.wikipedia.org/wiki/1999_Rugby_World_Cup_squads
1999,Japan,Rob Gordon,N8,,false,https://en.wikipedia.org/wiki/1999_Rugby_World_Cup_squads
1999,Japan,Ryohei Miki,TBC,,false,https://en.wikipedia.org/wiki/1999_Rugby_World_Cup_squads
1999,Japan,Ryuji Ishii,TBC,,false,https://en.wikipedia.org/wiki/1999_Rugby_World_Cup_squads
1999,Japan,Shin Hasegawa,TBC,,false,https://en.wikipedia.org/wiki/1999_Rugby_World_Cup_squads
1999,Japan,Takafumi Hirao,FB,,false,https://en.wikipedia.org/wiki/1999_Rugby_World_Cup_squads
1999,Japan,Takeomi Ito,TBC,,false,https://en.wikipedia.org/wiki/1999_Rugby_World_Cup_squads
1999,Japan,Terunori Masuho,TBC,,false,https://en.wikipedia.org/wiki/1999_Rugby_World_Cup_squads
1999,Japan,Toshikazu Nakamichi,HK,,false,https://en.wikipedia.org/wiki/1999_Rugby_World_Cup_squads
1999,Japan,Tsutomu Matsuda,TBC,,false,https://en.wikipedia.org/wiki/1999_Rugby_World_Cup_squads
1999,Japan,Wataru Murata,SH,,false,https://en.wikipedia.org/wiki/1999_Rugby_World_Cup_squads
1999,Japan,Yasunori Watanabe,LK4,,false,https://en.wikipedia.org/wiki/1999_Rugby_World_Cup_squads
1999,Japan,Yoshihiko Sakuraba,LK4,,false,https://en.wikipedia.org/wiki/1999_Rugby_World_Cup_squads
1999,Japan,Yukio Motoki,TBC,,false,https://en.wikipedia.org/wiki/1999_Rugby_World_Cup_squads
1999,Namibia,Andries Blaauw,TBC,,false,https://en.wikipedia.org/wiki/1999_Rugby_World_Cup_squads
1999,Namibia,Arthur Samuelson,TBC,,false,https://en.wikipedia.org/wiki/1999_Rugby_World_Cup_squads
1999,Namibia,Cliff Loubser,TBC,,false,https://en.wikipedia.org/wiki/1999_Rugby_World_Cup_squads
1999,Namibia,Deon Mouton,TBC,,false,https://en.wikipedia.org/wiki/1999_Rugby_World_Cup_squads
1999,Namibia,Derek Farmer,TBC,,false,https://en.wikipedia.org/wiki/1999_Rugby_World_Cup_squads
1999,Namibia,Duimpie Theron,LK4,,false,https://en.wikipedia.org/wiki/1999_Rugby_World_Cup_squads
1999,Namibia,Eben Isaacs,LK4,,false,https://en.wikipedia.org/wiki/1999_Rugby_World_Cup_squads
1999,Namibia,Eben Smith,TBC,,false,https://en.wikipedia.org/wiki/1999_Rugby_World_Cup_squads
1999,Namibia,Francois van Rensburg,TBC,,false,https://en.wikipedia.org/wiki/1999_Rugby_World_Cup_squads
1999,Namibia,Frans Fisch,TBC,,false,https://en.wikipedia.org/wiki/1999_Rugby_World_Cup_squads
1999,Namibia,Gerhard Opperman,TBC,,false,https://en.wikipedia.org/wiki/1999_Rugby_World_Cup_squads
1999,Namibia,Glovin van Wyk,FB,,false,https://en.wikipedia.org/wiki/1999_Rugby_World_Cup_squads
1999,Namibia,Heino Senekal,LK4,,false,https://en.wikipedia.org/wiki/1999_Rugby_World_Cup_squads
1999,Namibia,Herman Lintvelt,TBC,,false,https://en.wikipedia.org/wiki/1999_Rugby_World_Cup_squads
1999,Namibia,Hugo Horn,HK,,false,https://en.wikipedia.org/wiki/1999_Rugby_World_Cup_squads
1999,Namibia,Jaco Olivier,TBC,,false,https://en.wikipedia.org/wiki/1999_Rugby_World_Cup_squads
1999,Namibia,Johan Zaayman,FH,,false,https://en.wikipedia.org/wiki/1999_Rugby_World_Cup_squads
1999,Namibia,Lean van Dyk,FB,,false,https://en.wikipedia.org/wiki/1999_Rugby_World_Cup_squads
1999,Namibia,Lukas Holtzhausen,TBC,,false,https://en.wikipedia.org/wiki/1999_Rugby_World_Cup_squads
1999,Namibia,Mario Jacobs,TBC,,false,https://en.wikipedia.org/wiki/1999_Rugby_World_Cup_squads
1999,Namibia,Mathys van Rooyen,TBC,,false,https://en.wikipedia.org/wiki/1999_Rugby_World_Cup_squads
1999,Namibia,Pieter Steyn,LK4,,false,https://en.wikipedia.org/wiki/1999_Rugby_World_Cup_squads
1999,Namibia,Quinn Hough,N8,,true,https://en.wikipedia.org/wiki/1999_Rugby_World_Cup_squads
1999,Namibia,Riaan Jantjies,SH,,false,https://en.wikipedia.org/wiki/1999_Rugby_World_Cup_squads
1999,Namibia,Ronaldo Pedro,SH,,false,https://en.wikipedia.org/wiki/1999_Rugby_World_Cup_squads
1999,Namibia,Rudie van Vuuren,FH,,false,https://en.wikipedia.org/wiki/1999_Rugby_World_Cup_squads
1999,Namibia,Sarel van Rensburg,TBC,,false,https://en.wikipedia.org/wiki/1999_Rugby_World_Cup_squads
1999,Namibia,Schalk van der Merwe,TBC,,false,https://en.wikipedia.org/wiki/1999_Rugby_World_Cup_squads
1999,Namibia,Sean Furter,N8,,false,https://en.wikipedia.org/wiki/1999_Rugby_World_Cup_squads
1999,Namibia,Sybrand de Beer,TBC,,false,https://en.wikipedia.org/wiki/1999_Rugby_World_Cup_squads
1999,New Zealand,Alama Ieremia,TBC,,false,https://en.wikipedia.org/wiki/1999_Rugby_World_Cup_squads
1999,New Zealand,Andrew Blowers,TBC,,false,https://en.wikipedia.org/wiki/1999_Rugby_World_Cup_squads
1999,New Zealand,Andrew Mehrtens,TBC,,false,https://en.wikipedia.org/wiki/1999_Rugby_World_Cup_squads
1999,New Zealand,Anton Oliver,HK,,false,https://en.wikipedia.org/wiki/1999_Rugby_World_Cup_squads
1999,New Zealand,Byron Kelleher,TBC,,false,https://en.wikipedia.org/wiki/1999_Rugby_World_Cup_squads
1999,New Zealand,Carl Hoeft,TBC,,false,https://en.wikipedia.org/wiki/1999_Rugby_World_Cup_squads
1999,New Zealand,Carlos Spencer,TBC,,false,https://en.wikipedia.org/wiki/1999_Rugby_World_Cup_squads
1999,New Zealand,Christian Cullen,TBC,,false,https://en.wikipedia.org/wiki/1999_Rugby_World_Cup_squads
1999,New Zealand,Craig Dowd,TBC,,false,https://en.wikipedia.org/wiki/1999_Rugby_World_Cup_squads
1999,New Zealand,Daryl Gibson,TBC,,false,https://en.wikipedia.org/wiki/1999_Rugby_World_Cup_squads
1999,New Zealand,Dylan Mika,TBC,,false,https://en.wikipedia.org/wiki/1999_Rugby_World_Cup_squads
1999,New Zealand,Glen Osborne,FB,,false,https://en.wikipedia.org/wiki/1999_Rugby_World_Cup_squads
1999,New Zealand,Greg Feek,TBC,,false,https://en.wikipedia.org/wiki/1999_Rugby_World_Cup_squads
1999,New Zealand,Ian Jones,LK4,,false,https://en.wikipedia.org/wiki/1999_Rugby_World_Cup_squads
1999,New Zealand,Jeff Wilson,TBC,,false,https://en.wikipedia.org/wiki/1999_Rugby_World_Cup_squads
1999,New Zealand,Jonah Lomu,TBC,,false,https://en.wikipedia.org/wiki/1999_Rugby_World_Cup_squads
1999,New Zealand,Josh Kronfeld,TBC,,false,https://en.wikipedia.org/wiki/1999_Rugby_World_Cup_squads
1999,New Zealand,Justin Marshall,TBC,,false,https://en.wikipedia.org/wiki/1999_Rugby_World_Cup_squads
1999,New Zealand,Kees Meeuws,TBC,,false,https://en.wikipedia.org/wiki/1999_Rugby_World_Cup_squads
1999,New Zealand,Mark Hammett,HK,,false,https://en.wikipedia.org/wiki/1999_Rugby_World_Cup_squads
1999,New Zealand,Norm Maxwell,LK4,,false,https://en.wikipedia.org/wiki/1999_Rugby_World_Cup_squads
1999,New Zealand,Pita Alatini,TBC,,false,https://en.wikipedia.org/wiki/1999_Rugby_World_Cup_squads
1999,New Zealand,Reuben Thorne,TBC,,false,https://en.wikipedia.org/wiki/1999_Rugby_World_Cup_squads
1999,New Zealand,Rhys Duggan,TBC,,false,https://en.wikipedia.org/wiki/1999_Rugby_World_Cup_squads
1999,New Zealand,Robin Brooke,LK4,,false,https://en.wikipedia.org/wiki/1999_Rugby_World_Cup_squads
1999,New Zealand,Royce Willis,LK4,,false,https://en.wikipedia.org/wiki/1999_Rugby_World_Cup_squads
1999,New Zealand,Scott Robertson,TBC,,false,https://en.wikipedia.org/wiki/1999_Rugby_World_Cup_squads
1999,New Zealand,Taine Randell,N8,,true,https://en.wikipedia.org/wiki/1999_Rugby_World_Cup_squads
1999,New Zealand,Tana Umaga,TBC,,false,https://en.wikipedia.org/wiki/1999_Rugby_World_Cup_squads
1999,New Zealand,Tony Brown,TBC,,false,https://en.wikipedia.org/wiki/1999_Rugby_World_Cup_squads
1999,Romania,Alin Petrache,TBC,,false,https://en.wikipedia.org/wiki/1999_Rugby_World_Cup_squads
1999,Romania,Constantin Stan,TBC,,false,https://en.wikipedia.org/wiki/1999_Rugby_World_Cup_squads
1999,Romania,Cristian Hîldan,TBC,,false,https://en.wikipedia.org/wiki/1999_Rugby_World_Cup_squads
1999,Romania,Cristian Lupu,TBC,,false,https://en.wikipedia.org/wiki/1999_Rugby_World_Cup_squads
1999,Romania,Cristian Săuan,TBC,,false,https://en.wikipedia.org/wiki/1999_Rugby_World_Cup_squads
1999,Romania,Cătălin Drăguceanu,TBC,,false,https://en.wikipedia.org/wiki/1999_Rugby_World_Cup_squads
1999,Romania,Daniel Chiriac,LK4,,false,https://en.wikipedia.org/wiki/1999_Rugby_World_Cup_squads
1999,Romania,Dragoș Niculae,TBC,,false,https://en.wikipedia.org/wiki/1999_Rugby_World_Cup_squads
1999,Romania,Erdinci Septar,N8,,false,https://en.wikipedia.org/wiki/1999_Rugby_World_Cup_squads
1999,Romania,Florin Corodeanu,TBC,,false,https://en.wikipedia.org/wiki/1999_Rugby_World_Cup_squads
1999,Romania,Gabriel Brezoianu,TBC,,false,https://en.wikipedia.org/wiki/1999_Rugby_World_Cup_squads
1999,Romania,Gheorghe Solomie,TBC,,false,https://en.wikipedia.org/wiki/1999_Rugby_World_Cup_squads
1999,Romania,Ionuț Tofan,FH,,false,https://en.wikipedia.org/wiki/1999_Rugby_World_Cup_squads
1999,Romania,Laurențiu Rotaru,TBC,,false,https://en.wikipedia.org/wiki/1999_Rugby_World_Cup_squads
1999,Romania,Lucian Sîrbu,SH,,false,https://en.wikipedia.org/wiki/1999_Rugby_World_Cup_squads
1999,Romania,Lucien Vusec,FH,,false,https://en.wikipedia.org/wiki/1999_Rugby_World_Cup_squads
1999,Romania,Marius Iacob,SH,,false,https://en.wikipedia.org/wiki/1999_Rugby_World_Cup_squads
1999,Romania,Mihai Ciolacu,TBC,,false,https://en.wikipedia.org/wiki/1999_Rugby_World_Cup_squads
1999,Romania,Mihai Vioreanu,FB,,false,https://en.wikipedia.org/wiki/1999_Rugby_World_Cup_squads
1999,Romania,Nicolae Dragoș Dima,TBC,,false,https://en.wikipedia.org/wiki/1999_Rugby_World_Cup_squads
1999,Romania,Ovidiu Slușariuc,LK4,,false,https://en.wikipedia.org/wiki/1999_Rugby_World_Cup_squads
1999,Romania,Ovidiu Tonița,TBC,,false,https://en.wikipedia.org/wiki/1999_Rugby_World_Cup_squads
1999,Romania,Petre Mitu,SH,,false,https://en.wikipedia.org/wiki/1999_Rugby_World_Cup_squads
1999,Romania,Petru Bălan,TBC,,false,https://en.wikipedia.org/wiki/1999_Rugby_World_Cup_squads
1999,Romania,Radu Fugigi,TBC,,false,https://en.wikipedia.org/wiki/1999_Rugby_World_Cup_squads
1999,Romania,Romeo Gontineac,TBC,,false,https://en.wikipedia.org/wiki/1999_Rugby_World_Cup_squads
1999,Romania,Răzvan Mavrodin,HK,,false,https://en.wikipedia.org/wiki/1999_Rugby_World_Cup_squads
1999,Romania,Tiberiu Brînză,N8,,false,https://en.wikipedia.org/wiki/1999_Rugby_World_Cup_squads
1999,Romania,Tudor Constantin,LK4,,true,https://en.wikipedia.org/wiki/1999_Rugby_World_Cup_squads
1999,Romania,Ștefan Demici,HK,,false,https://en.wikipedia.org/wiki/1999_Rugby_World_Cup_squads
1999,Samoa,Afato So'oalo,TBC,,false,https://en.wikipedia.org/wiki/1999_Rugby_World_Cup_squads
1999,Samoa,Brendan Reidy,TBC,,false,https://en.wikipedia.org/wiki/1999_Rugby_World_Cup_squads
1999,Samoa,Brian Lima,TBC,,false,https://en.wikipedia.org/wiki/1999_Rugby_World_Cup_squads
1999,Samoa,Craig Glendinning,TBC,,false,https://en.wikipedia.org/wiki/1999_Rugby_World_Cup_squads
1999,Samoa,Earl Va'a,FB,,false,https://en.wikipedia.org/wiki/1999_Rugby_World_Cup_squads
1999,Samoa,Fa'atonu Fili,FH,,false,https://en.wikipedia.org/wiki/1999_Rugby_World_Cup_squads
1999,Samoa,Filipo Toala,TBC,,false,https://en.wikipedia.org/wiki/1999_Rugby_World_Cup_squads
1999,Samoa,George Leaupepe,TBC,,false,https://en.wikipedia.org/wiki/1999_Rugby_World_Cup_squads
1999,Samoa,Isaac Fe'aunati,N8,,false,https://en.wikipedia.org/wiki/1999_Rugby_World_Cup_squads
1999,Samoa,John Clarke,SH,,false,https://en.wikipedia.org/wiki/1999_Rugby_World_Cup_squads
1999,Samoa,Junior Paramore,TBC,,false,https://en.wikipedia.org/wiki/1999_Rugby_World_Cup_squads
1999,Samoa,Kalolo Toleafoa,TBC,,false,https://en.wikipedia.org/wiki/1999_Rugby_World_Cup_squads
1999,Samoa,Kepi Faiva'ai,TBC,,false,https://en.wikipedia.org/wiki/1999_Rugby_World_Cup_squads
1999,Samoa,Lama Tone,LK4,,false,https://en.wikipedia.org/wiki/1999_Rugby_World_Cup_squads
1999,Samoa,Lio Falaniko,LK4,,false,https://en.wikipedia.org/wiki/1999_Rugby_World_Cup_squads
1999,Samoa,Michael Mika,TBC,,false,https://en.wikipedia.org/wiki/1999_Rugby_World_Cup_squads
1999,Samoa,Mike Umaga,FB,,false,https://en.wikipedia.org/wiki/1999_Rugby_World_Cup_squads
1999,Samoa,Onehunga Matauiau,HK,,false,https://en.wikipedia.org/wiki/1999_Rugby_World_Cup_squads
1999,Samoa,Opeta Palepoi,LK4,,false,https://en.wikipedia.org/wiki/1999_Rugby_World_Cup_squads
1999,Samoa,Pat Lam,N8,,false,https://en.wikipedia.org/wiki/1999_Rugby_World_Cup_squads
1999,Samoa,Polo Asi,TBC,,false,https://en.wikipedia.org/wiki/1999_Rugby_World_Cup_squads
1999,Samoa,Robbie Ale,TBC,,false,https://en.wikipedia.org/wiki/1999_Rugby_World_Cup_squads
1999,Samoa,Semo Sititi,N8,,false,https://en.wikipedia.org/wiki/1999_Rugby_World_Cup_squads
1999,Samoa,Sene Ta'ala,TBC,,false,https://en.wikipedia.org/wiki/1999_Rugby_World_Cup_squads
1999,Samoa,Silao Leaega,TBC,,false,https://en.wikipedia.org/wiki/1999_Rugby_World_Cup_squads
1999,Samoa,Stephen Bachop,FH,,false,https://en.wikipedia.org/wiki/1999_Rugby_World_Cup_squads
1999,Samoa,Steven So'oialo,SH,,false,https://en.wikipedia.org/wiki/1999_Rugby_World_Cup_squads
1999,Samoa,Tanner Vili,FH,,false,https://en.wikipedia.org/wiki/1999_Rugby_World_Cup_squads
1999,Samoa,Terry Fanolua,TBC,,false,https://en.wikipedia.org/wiki/1999_Rugby_World_Cup_squads
1999,Samoa,To'o Vaega,TBC,,false,https://en.wikipedia.org/wiki/1999_Rugby_World_Cup_squads
1999,Samoa,Trevor Leota,HK,,false,https://en.wikipedia.org/wiki/1999_Rugby_World_Cup_squads
1999,Samoa,Va'aiga Tuigamala,TBC,,false,https://en.wikipedia.org/wiki/1999_Rugby_World_Cup_squads
1999,Scotland,Alan Tait,TBC,,false,https://en.wikipedia.org/wiki/1999_Rugby_World_Cup_squads
1999,Scotland,Andy Reed,LK4,,false,https://en.wikipedia.org/wiki/1999_Rugby_World_Cup_squads
1999,Scotland,Bryan Redpath,SH,,false,https://en.wikipedia.org/wiki/1999_Rugby_World_Cup_squads
1999,Scotland,Budge Pountney,TBC,,false,https://en.wikipedia.org/wiki/1999_Rugby_World_Cup_squads
1999,Scotland,Cameron Mather,TBC,,false,https://en.wikipedia.org/wiki/1999_Rugby_World_Cup_squads
1999,Scotland,Cameron Murray,TBC,,false,https://en.wikipedia.org/wiki/1999_Rugby_World_Cup_squads
1999,Scotland,Chris Paterson,FB,,false,https://en.wikipedia.org/wiki/1999_Rugby_World_Cup_squads
1999,Scotland,Dave Hilton,TBC,,false,https://en.wikipedia.org/wiki/1999_Rugby_World_Cup_squads
1999,Scotland,Doddie Weir,LK4,,false,https://en.wikipedia.org/wiki/1999_Rugby_World_Cup_squads
1999,Scotland,Duncan Hodge,FH,,false,https://en.wikipedia.org/wiki/1999_Rugby_World_Cup_squads
1999,Scotland,Gary Armstrong,SH,,true,https://en.wikipedia.org/wiki/1999_Rugby_World_Cup_squads
1999,Scotland,George Graham,TBC,,false,https://en.wikipedia.org/wiki/1999_Rugby_World_Cup_squads
1999,Scotland,Glenn Metcalfe,FB,,false,https://en.wikipedia.org/wiki/1999_Rugby_World_Cup_squads
1999,Scotland,Gordon Bulloch,HK,,false,https://en.wikipedia.org/wiki/1999_Rugby_World_Cup_squads
1999,Scotland,Gordon Simpson,N8,,false,https://en.wikipedia.org/wiki/1999_Rugby_World_Cup_squads
1999,Scotland,Gregor Townsend,FH,,false,https://en.wikipedia.org/wiki/1999_Rugby_World_Cup_squads
1999,Scotland,Iain Fairley,SH,,false,https://en.wikipedia.org/wiki/1999_Rugby_World_Cup_squads
1999,Scotland,James McLaren,TBC,,false,https://en.wikipedia.org/wiki/1999_Rugby_World_Cup_squads
1999,Scotland,Jamie Mayer,TBC,,false,https://en.wikipedia.org/wiki/1999_Rugby_World_Cup_squads
1999,Scotland,John Leslie,TBC,,false,https://en.wikipedia.org/wiki/1999_Rugby_World_Cup_squads
1999,Scotland,Kenny Logan,TBC,,false,https://en.wikipedia.org/wiki/1999_Rugby_World_Cup_squads
1999,Scotland,Martin Leslie,TBC,,false,https://en.wikipedia.org/wiki/1999_Rugby_World_Cup_squads
1999,Scotland,Paul Burnell,TBC,,false,https://en.wikipedia.org/wiki/1999_Rugby_World_Cup_squads
1999,Scotland,Peter Walton,TBC,,false,https://en.wikipedia.org/wiki/1999_Rugby_World_Cup_squads
1999,Scotland,Robbie Russell,HK,,false,https://en.wikipedia.org/wiki/1999_Rugby_World_Cup_squads
1999,Scotland,Scott Murray,LK4,,false,https://en.wikipedia.org/wiki/1999_Rugby_World_Cup_squads
1999,Scotland,Shaun Longstaff,TBC,,false,https://en.wikipedia.org/wiki/1999_Rugby_World_Cup_squads
1999,Scotland,Stuart Grimes,LK4,,false,https://en.wikipedia.org/wiki/1999_Rugby_World_Cup_squads
1999,Scotland,Stuart Reid,TBC,,false,https://en.wikipedia.org/wiki/1999_Rugby_World_Cup_squads
1999,Scotland,Tom Smith,TBC,,false,https://en.wikipedia.org/wiki/1999_Rugby_World_Cup_squads
1999,South Africa,Adrian Garvey,TBC,,false,https://en.wikipedia.org/wiki/1999_Rugby_World_Cup_squads
1999,South Africa,Albert van den Berg,LK4,,false,https://en.wikipedia.org/wiki/1999_Rugby_World_Cup_squads
1999,South Africa,André Venter,TBC,,false,https://en.wikipedia.org/wiki/1999_Rugby_World_Cup_squads
1999,South Africa,André Vos,TBC,,false,https://en.wikipedia.org/wiki/1999_Rugby_World_Cup_squads
1999,South Africa,Anton Leonard,N8,,false,https://en.wikipedia.org/wiki/1999_Rugby_World_Cup_squads
1999,South Africa,Bobby Skinstad,TBC,,false,https://en.wikipedia.org/wiki/1999_Rugby_World_Cup_squads
1999,South Africa,Brendan Venter,TBC,,false,https://en.wikipedia.org/wiki/1999_Rugby_World_Cup_squads
1999,South Africa,Breyton Paulse,TBC,,false,https://en.wikipedia.org/wiki/1999_Rugby_World_Cup_squads
1999,South Africa,Chris Rossouw,HK,,false,https://en.wikipedia.org/wiki/1999_Rugby_World_Cup_squads
1999,South Africa,Cobus Visagie,TBC,,false,https://en.wikipedia.org/wiki/1999_Rugby_World_Cup_squads
1999,South Africa,Deon Kayser,TBC,,false,https://en.wikipedia.org/wiki/1999_Rugby_World_Cup_squads
1999,South Africa,Fritz van Heerden,LK4,,false,https://en.wikipedia.org/wiki/1999_Rugby_World_Cup_squads
1999,South Africa,Henry Honiball,FH,,false,https://en.wikipedia.org/wiki/1999_Rugby_World_Cup_squads
1999,South Africa,Jannie de Beer,FH,,false,https://en.wikipedia.org/wiki/1999_Rugby_World_Cup_squads
1999,South Africa,Joost van der Westhuizen,SH,,true,https://en.wikipedia.org/wiki/1999_Rugby_World_Cup_squads
1999,South Africa,Kaya Malotana,TBC,,false,https://en.wikipedia.org/wiki/1999_Rugby_World_Cup_squads
1999,South Africa,Krynauw Otto,LK4,,false,https://en.wikipedia.org/wiki/1999_Rugby_World_Cup_squads
1999,South Africa,Mark Andrews,LK4,,false,https://en.wikipedia.org/wiki/1999_Rugby_World_Cup_squads
1999,South Africa,Naka Drotské,HK,,false,https://en.wikipedia.org/wiki/1999_Rugby_World_Cup_squads
1999,South Africa,Ollie le Roux,TBC,,false,https://en.wikipedia.org/wiki/1999_Rugby_World_Cup_squads
1999,South Africa,Os du Randt,TBC,,false,https://en.wikipedia.org/wiki/1999_Rugby_World_Cup_squads
1999,South Africa,Percy Montgomery,FB,,false,https://en.wikipedia.org/wiki/1999_Rugby_World_Cup_squads
1999,South Africa,Pieter Muller,TBC,,false,https://en.wikipedia.org/wiki/1999_Rugby_World_Cup_squads
1999,South Africa,Pieter Rossouw,TBC,,false,https://en.wikipedia.org/wiki/1999_Rugby_World_Cup_squads
1999,South Africa,Rassie Erasmus,TBC,,false,https://en.wikipedia.org/wiki/1999_Rugby_World_Cup_squads
1999,South Africa,Robbie Fleck,TBC,,false,https://en.wikipedia.org/wiki/1999_Rugby_World_Cup_squads
1999,South Africa,Ruben Kruger,TBC,,false,https://en.wikipedia.org/wiki/1999_Rugby_World_Cup_squads
1999,South Africa,Stefan Terblanche,FB,,false,https://en.wikipedia.org/wiki/1999_Rugby_World_Cup_squads
1999,South Africa,Wayne Julies,TBC,,false,https://en.wikipedia.org/wiki/1999_Rugby_World_Cup_squads
1999,South Africa,Werner Swanepoel,SH,,false,https://en.wikipedia.org/wiki/1999_Rugby_World_Cup_squads
1999,Spain,Agustín Malet,N8,,false,https://en.wikipedia.org/wiki/1999_Rugby_World_Cup_squads
1999,Spain,Aitor Etxeberría,FH,,false,https://en.wikipedia.org/wiki/1999_Rugby_World_Cup_squads
1999,Spain,Alberto Malo,TBC,,true,https://en.wikipedia.org/wiki/1999_Rugby_World_Cup_squads
1999,Spain,Alberto Socías,TBC,,false,https://en.wikipedia.org/wiki/1999_Rugby_World_Cup_squads
1999,Spain,Alfonso Mata,N8,,false,https://en.wikipedia.org/wiki/1999_Rugby_World_Cup_squads
1999,Spain,Andrei Kovalenco,FH,,false,https://en.wikipedia.org/wiki/1999_Rugby_World_Cup_squads
1999,Spain,Antonio Socías,TBC,,false,https://en.wikipedia.org/wiki/1999_Rugby_World_Cup_squads
1999,Spain,Aratz Gallastegui,SH,,false,https://en.wikipedia.org/wiki/1999_Rugby_World_Cup_squads
1999,Spain,Carlos Souto,TBC,,false,https://en.wikipedia.org/wiki/1999_Rugby_World_Cup_squads
1999,Spain,Diego Zarzosa,HK,,false,https://en.wikipedia.org/wiki/1999_Rugby_World_Cup_squads
1999,Spain,Fernando Díez,TBC,,false,https://en.wikipedia.org/wiki/1999_Rugby_World_Cup_squads
1999,Spain,Fernando de la Calle,HK,,false,https://en.wikipedia.org/wiki/1999_Rugby_World_Cup_squads
1999,Spain,Ferran Velazco,FB,,false,https://en.wikipedia.org/wiki/1999_Rugby_World_Cup_squads
1999,Spain,Francisco Puertas,FB,,false,https://en.wikipedia.org/wiki/1999_Rugby_World_Cup_squads
1999,Spain,Jaime Alonso,SH,,false,https://en.wikipedia.org/wiki/1999_Rugby_World_Cup_squads
1999,Spain,Jordi Camps,TBC,,false,https://en.wikipedia.org/wiki/1999_Rugby_World_Cup_squads
1999,Spain,José Díaz,TBC,,false,https://en.wikipedia.org/wiki/1999_Rugby_World_Cup_squads
1999,Spain,José Ignacio Inchausti,TBC,,false,https://en.wikipedia.org/wiki/1999_Rugby_World_Cup_squads
1999,Spain,José Ignacio Zapatero,TBC,,false,https://en.wikipedia.org/wiki/1999_Rugby_World_Cup_squads
1999,Spain,José Miguel Villaú,LK4,,false,https://en.wikipedia.org/wiki/1999_Rugby_World_Cup_squads
1999,Spain,Luis Javier Martínez,TBC,,false,https://en.wikipedia.org/wiki/1999_Rugby_World_Cup_squads
1999,Spain,Miguel Ángel Frechilla,TBC,,false,https://en.wikipedia.org/wiki/1999_Rugby_World_Cup_squads
1999,Spain,Oriol Ripol,TBC,,false,https://en.wikipedia.org/wiki/1999_Rugby_World_Cup_squads
1999,Spain,Oscar Astarloa,TBC,,false,https://en.wikipedia.org/wiki/1999_Rugby_World_Cup_squads
1999,Spain,Raphaël Bastide,TBC,,false,https://en.wikipedia.org/wiki/1999_Rugby_World_Cup_squads
1999,Spain,Sergio Souto,LK4,,false,https://en.wikipedia.org/wiki/1999_Rugby_World_Cup_squads
1999,Spain,Steve Tuineau,LK4,,false,https://en.wikipedia.org/wiki/1999_Rugby_World_Cup_squads
1999,Spain,Sébastien Loubsens,TBC,,false,https://en.wikipedia.org/wiki/1999_Rugby_World_Cup_squads
1999,Spain,Víctor Torres,TBC,,false,https://en.wikipedia.org/wiki/1999_Rugby_World_Cup_squads
1999,Spain,Álvar Enciso,TBC,,false,https://en.wikipedia.org/wiki/1999_Rugby_World_Cup_squads
1999,Tonga,Benhur Kivalu,LK4,,false,https://en.wikipedia.org/wiki/1999_Rugby_World_Cup_squads
1999,Tonga,Brian Woolley,FH,,false,https://en.wikipedia.org/wiki/1999_Rugby_World_Cup_squads
1999,Tonga,Damien Penisini,TBC,,false,https://en.wikipedia.org/wiki/1999_Rugby_World_Cup_squads
1999,Tonga,Dave Tiueti,TBC,,false,https://en.wikipedia.org/wiki/1999_Rugby_World_Cup_squads
1999,Tonga,David Edwards,TBC,,false,https://en.wikipedia.org/wiki/1999_Rugby_World_Cup_squads
1999,Tonga,Elisi Vunipola,FH,,false,https://en.wikipedia.org/wiki/1999_Rugby_World_Cup_squads
1999,Tonga,Epi Taione,TBC,,false,https://en.wikipedia.org/wiki/1999_Rugby_World_Cup_squads
1999,Tonga,Etuate Manu,TBC,,false,https://en.wikipedia.org/wiki/1999_Rugby_World_Cup_squads
1999,Tonga,Falamani Mafi,LK4,,false,https://en.wikipedia.org/wiki/1999_Rugby_World_Cup_squads
1999,Tonga,Fepikou Tatafu,TBC,,false,https://en.wikipedia.org/wiki/1999_Rugby_World_Cup_squads
1999,Tonga,Feʻao Vunipola,HK,,false,https://en.wikipedia.org/wiki/1999_Rugby_World_Cup_squads
1999,Tonga,Isi Fatani,LK4,,false,https://en.wikipedia.org/wiki/1999_Rugby_World_Cup_squads
1999,Tonga,Isi Tapueluelu,FB,,false,https://en.wikipedia.org/wiki/1999_Rugby_World_Cup_squads
1999,Tonga,Jonathan Koloi,TBC,,false,https://en.wikipedia.org/wiki/1999_Rugby_World_Cup_squads
1999,Tonga,Josh Taumalolo,TBC,,false,https://en.wikipedia.org/wiki/1999_Rugby_World_Cup_squads
1999,Tonga,Katilimoni Tuʻipulotu,TBC,,false,https://en.wikipedia.org/wiki/1999_Rugby_World_Cup_squads
1999,Tonga,Kuli Faletau,LK4,,false,https://en.wikipedia.org/wiki/1999_Rugby_World_Cup_squads
1999,Tonga,Latiume Maka,HK,,false,https://en.wikipedia.org/wiki/1999_Rugby_World_Cup_squads
1999,Tonga,Matt Te Pou,TBC,,false,https://en.wikipedia.org/wiki/1999_Rugby_World_Cup_squads
1999,Tonga,Ngalu Tau,TBC,,false,https://en.wikipedia.org/wiki/1999_Rugby_World_Cup_squads
1999,Tonga,Puke Faletau,TBC,,false,https://en.wikipedia.org/wiki/1999_Rugby_World_Cup_squads
1999,Tonga,Salesi Finau,TBC,,true,https://en.wikipedia.org/wiki/1999_Rugby_World_Cup_squads
1999,Tonga,Sateki Tuipulotu,FB,,false,https://en.wikipedia.org/wiki/1999_Rugby_World_Cup_squads
1999,Tonga,Semi Taupeaafe,TBC,,false,https://en.wikipedia.org/wiki/1999_Rugby_World_Cup_squads
1999,Tonga,Semisi Fakaʻosifolau,TBC,,false,https://en.wikipedia.org/wiki/1999_Rugby_World_Cup_squads
1999,Tonga,Sililo Martens,SH,,false,https://en.wikipedia.org/wiki/1999_Rugby_World_Cup_squads
1999,Tonga,Sione Tuʻipulotu,SH,,false,https://en.wikipedia.org/wiki/1999_Rugby_World_Cup_squads
1999,Tonga,Taunaholo Taufahema,TBC,,false,https://en.wikipedia.org/wiki/1999_Rugby_World_Cup_squads
1999,Tonga,Taʻu Faingaʻanuku,TBC,,false,https://en.wikipedia.org/wiki/1999_Rugby_World_Cup_squads
1999,Tonga,Tevita Taumoepeau,TBC,,false,https://en.wikipedia.org/wiki/1999_Rugby_World_Cup_squads
1999,Tonga,Vaʻa Toloke,N8,,false,https://en.wikipedia.org/wiki/1999_Rugby_World_Cup_squads
1999,United States,Alatini Saulala,TBC,,false,https://en.wikipedia.org/wiki/1999_Rugby_World_Cup_squads
1999,United States,Alec Parker,LK4,,false,https://en.wikipedia.org/wiki/1999_Rugby_World_Cup_squads
1999,United States,Andre Blom,TBC,,false,https://en.wikipedia.org/wiki/1999_Rugby_World_Cup_squads
1999,United States,Brian Hightower,TBC,,false,https://en.wikipedia.org/wiki/1999_Rugby_World_Cup_squads
1999,United States,Dan Lyle,N8,,true,https://en.wikipedia.org/wiki/1999_Rugby_World_Cup_squads
1999,United States,Dave Hodges,LK4,,false,https://en.wikipedia.org/wiki/1999_Rugby_World_Cup_squads
1999,United States,Dave Stroble,FH,,false,https://en.wikipedia.org/wiki/1999_Rugby_World_Cup_squads
1999,United States,David Niu,FH,,false,https://en.wikipedia.org/wiki/1999_Rugby_World_Cup_squads
1999,United States,Fifita Mounga,TBC,,false,https://en.wikipedia.org/wiki/1999_Rugby_World_Cup_squads
1999,United States,George Sucher,TBC,,false,https://en.wikipedia.org/wiki/1999_Rugby_World_Cup_squads
1999,United States,Jesse Coulson,SH,,false,https://en.wikipedia.org/wiki/1999_Rugby_World_Cup_squads
1999,United States,Joe Clayton,TBC,,false,https://en.wikipedia.org/wiki/1999_Rugby_World_Cup_squads
1999,United States,Juan Grobler,TBC,,false,https://en.wikipedia.org/wiki/1999_Rugby_World_Cup_squads
1999,United States,Kevin Dalzell,SH,,false,https://en.wikipedia.org/wiki/1999_Rugby_World_Cup_squads
1999,United States,Kirk Khasigian,HK,,false,https://en.wikipedia.org/wiki/1999_Rugby_World_Cup_squads
1999,United States,Kurt Shuman,FB,,false,https://en.wikipedia.org/wiki/1999_Rugby_World_Cup_squads
1999,United States,Luke Gross,LK4,,false,https://en.wikipedia.org/wiki/1999_Rugby_World_Cup_squads
1999,United States,Marc L'Huillier,TBC,,false,https://en.wikipedia.org/wiki/1999_Rugby_World_Cup_squads
1999,United States,Mark Scharrenberg,TBC,,false,https://en.wikipedia.org/wiki/1999_Rugby_World_Cup_squads
1999,United States,Mark Williams,TBC,,false,https://en.wikipedia.org/wiki/1999_Rugby_World_Cup_squads
1999,United States,Ray Lehner,TBC,,false,https://en.wikipedia.org/wiki/1999_Rugby_World_Cup_squads
1999,United States,Rich Schurfeld,TBC,,false,https://en.wikipedia.org/wiki/1999_Rugby_World_Cup_squads
1999,United States,Richard Tardits,TBC,,false,https://en.wikipedia.org/wiki/1999_Rugby_World_Cup_squads
1999,United States,Rob Lumkong,N8,,false,https://en.wikipedia.org/wiki/1999_Rugby_World_Cup_squads
1999,United States,Shaun Paga,TBC,,false,https://en.wikipedia.org/wiki/1999_Rugby_World_Cup_squads
1999,United States,Sinapati Uiagalelei,TBC,,false,https://en.wikipedia.org/wiki/1999_Rugby_World_Cup_squads
1999,United States,Tom Billups,HK,,false,https://en.wikipedia.org/wiki/1999_Rugby_World_Cup_squads
1999,United States,Tomasi Takau,TBC,,false,https://en.wikipedia.org/wiki/1999_Rugby_World_Cup_squads
1999,United States,Vaea Anitoni,TBC,,false,https://en.wikipedia.org/wiki/1999_Rugby_World_Cup_squads
1999,Uruguay,Agustín Ponce de León,LK4,,false,https://en.wikipedia.org/wiki/1999_Rugby_World_Cup_squads
1999,Uruguay,Alfonso Cardoso,FB,,false,https://en.wikipedia.org/wiki/1999_Rugby_World_Cup_squads
1999,Uruguay,Diego Aguirre,FH,,false,https://en.wikipedia.org/wiki/1999_Rugby_World_Cup_squads
1999,Uruguay,Diego Lamelas,HK,,false,https://en.wikipedia.org/wiki/1999_Rugby_World_Cup_squads
1999,Uruguay,Diego Ormaechea,N8,,true,https://en.wikipedia.org/wiki/1999_Rugby_World_Cup_squads
1999,Uruguay,Eduardo Berruti,TBC,,false,https://en.wikipedia.org/wiki/1999_Rugby_World_Cup_squads
1999,Uruguay,Federico Sciarra,SH,,false,https://en.wikipedia.org/wiki/1999_Rugby_World_Cup_squads
1999,Uruguay,Fernando Paullier,TBC,,false,https://en.wikipedia.org/wiki/1999_Rugby_World_Cup_squads
1999,Uruguay,Fernando Sosa Díaz,SH,,false,https://en.wikipedia.org/wiki/1999_Rugby_World_Cup_squads
1999,Uruguay,Francisco de los Santos,HK,,false,https://en.wikipedia.org/wiki/1999_Rugby_World_Cup_squads
1999,Uruguay,Guillermo Laffitte,N8,,false,https://en.wikipedia.org/wiki/1999_Rugby_World_Cup_squads
1999,Uruguay,Guillermo Storace,TBC,,false,https://en.wikipedia.org/wiki/1999_Rugby_World_Cup_squads
1999,Uruguay,José Viana,TBC,,false,https://en.wikipedia.org/wiki/1999_Rugby_World_Cup_squads
1999,Uruguay,Juan Alzueta,LK4,,false,https://en.wikipedia.org/wiki/1999_Rugby_World_Cup_squads
1999,Uruguay,Juan Carlos Bado,LK4,,false,https://en.wikipedia.org/wiki/1999_Rugby_World_Cup_squads
1999,Uruguay,Juan Martín Marqués,TBC,,false,https://en.wikipedia.org/wiki/1999_Rugby_World_Cup_squads
1999,Uruguay,Juan Menchaca,TBC,,false,https://en.wikipedia.org/wiki/1999_Rugby_World_Cup_squads
1999,Uruguay,Leonardo de Oliveira,LK4,,false,https://en.wikipedia.org/wiki/1999_Rugby_World_Cup_squads
1999,Uruguay,Mario Lamé,LK4,,false,https://en.wikipedia.org/wiki/1999_Rugby_World_Cup_squads
1999,Uruguay,Martín Cerviño,TBC,,false,https://en.wikipedia.org/wiki/1999_Rugby_World_Cup_squads
1999,Uruguay,Martín Ferrés,TBC,,false,https://en.wikipedia.org/wiki/1999_Rugby_World_Cup_squads
1999,Uruguay,Martín Mendaro,TBC,,false,https://en.wikipedia.org/wiki/1999_Rugby_World_Cup_squads
1999,Uruguay,Martín Panizza,TBC,,false,https://en.wikipedia.org/wiki/1999_Rugby_World_Cup_squads
1999,Uruguay,Nicolas Brignoni,TBC,,false,https://en.wikipedia.org/wiki/1999_Rugby_World_Cup_squads
1999,Uruguay,Nicolás Grillé,TBC,,false,https://en.wikipedia.org/wiki/1999_Rugby_World_Cup_squads
1999,Uruguay,Pablo Costábile,TBC,,false,https://en.wikipedia.org/wiki/1999_Rugby_World_Cup_squads
1999,Uruguay,Pablo Lemoine,TBC,,false,https://en.wikipedia.org/wiki/1999_Rugby_World_Cup_squads
1999,Uruguay,Pedro Vecino,TBC,,false,https://en.wikipedia.org/wiki/1999_Rugby_World_Cup_squads
1999,Uruguay,Rodrigo Sánchez,TBC,,false,https://en.wikipedia.org/wiki/1999_Rugby_World_Cup_squads
1999,Uruguay,Sebastián Aguirre,FH,,false,https://en.wikipedia.org/wiki/1999_Rugby_World_Cup_squads
1999,Wales,Allan Bateman,TBC,,false,https://en.wikipedia.org/wiki/1999_Rugby_World_Cup_squads
1999,Wales,Andrew Lewis,TBC,,false,https://en.wikipedia.org/wiki/1999_Rugby_World_Cup_squads
1999,Wales,Andy Moore,LK4,,false,https://en.wikipedia.org/wiki/1999_Rugby_World_Cup_squads
1999,Wales,Ben Evans,TBC,,false,https://en.wikipedia.org/wiki/1999_Rugby_World_Cup_squads
1999,Wales,Brett Sinkinson,TBC,,false,https://en.wikipedia.org/wiki/1999_Rugby_World_Cup_squads
1999,Wales,Chris Wyatt,LK4,,false,https://en.wikipedia.org/wiki/1999_Rugby_World_Cup_squads
1999,Wales,Colin Charvis,TBC,,false,https://en.wikipedia.org/wiki/1999_Rugby_World_Cup_squads
1999,Wales,Craig Quinnell,LK4,,false,https://en.wikipedia.org/wiki/1999_Rugby_World_Cup_squads
1999,Wales,Dafydd James,TBC,,false,https://en.wikipedia.org/wiki/1999_Rugby_World_Cup_squads
1999,Wales,Dai Young,TBC,,false,https://en.wikipedia.org/wiki/1999_Rugby_World_Cup_squads
1999,Wales,David Llewellyn,SH,,false,https://en.wikipedia.org/wiki/1999_Rugby_World_Cup_squads
1999,Wales,Gareth Llewellyn,LK4,,false,https://en.wikipedia.org/wiki/1999_Rugby_World_Cup_squads
1999,Wales,Gareth Thomas,TBC,,false,https://en.wikipedia.org/wiki/1999_Rugby_World_Cup_squads
1999,Wales,Garin Jenkins,HK,,false,https://en.wikipedia.org/wiki/1999_Rugby_World_Cup_squads
1999,Wales,Geraint Lewis,TBC,,false,https://en.wikipedia.org/wiki/1999_Rugby_World_Cup_squads
1999,Wales,Jason Jones-Hughes,TBC,,false,https://en.wikipedia.org/wiki/1999_Rugby_World_Cup_squads
1999,Wales,Jonathan Humphreys,HK,,false,https://en.wikipedia.org/wiki/1999_Rugby_World_Cup_squads
1999,Wales,Leigh Davies,TBC,,false,https://en.wikipedia.org/wiki/1999_Rugby_World_Cup_squads
1999,Wales,Mark Taylor,TBC,,false,https://en.wikipedia.org/wiki/1999_Rugby_World_Cup_squads
1999,Wales,Martyn Williams,TBC,,false,https://en.wikipedia.org/wiki/1999_Rugby_World_Cup_squads
1999,Wales,Mike Voyle,LK4,,false,https://en.wikipedia.org/wiki/1999_Rugby_World_Cup_squads
1999,Wales,Neil Boobyer,FB,,false,https://en.wikipedia.org/wiki/1999_Rugby_World_Cup_squads
1999,Wales,Neil Jenkins,FH,,false,https://en.wikipedia.org/wiki/1999_Rugby_World_Cup_squads
1999,Wales,Nick Walne,TBC,,false,https://en.wikipedia.org/wiki/1999_Rugby_World_Cup_squads
1999,Wales,Peter Rogers,TBC,,false,https://en.wikipedia.org/wiki/1999_Rugby_World_Cup_squads
1999,Wales,Rob Howley,SH,,true,https://en.wikipedia.org/wiki/1999_Rugby_World_Cup_squads
1999,Wales,Scott Gibbs,TBC,,false,https://en.wikipedia.org/wiki/1999_Rugby_World_Cup_squads
1999,Wales,Scott Quinnell,N8,,false,https://en.wikipedia.org/wiki/1999_Rugby_World_Cup_squads
1999,Wales,Shane Howarth,FB,,false,https://en.wikipedia.org/wiki/1999_Rugby_World_Cup_squads
1999,Wales,Stephen Jones,FH,,false,https://en.wikipedia.org/wiki/1999_Rugby_World_Cup_squads
